n_components_mean,n_components_std,frac_largest_mean,frac_largest_std,avg_degree_mean,avg_degree_std,clustering_mean,clustering_std,path_length_LCC_mean,path_length_LCC_std,modularity_Q_mean,modularity_Q_std,homophily_mean,homophily_std,std_opinion_mean,std_opinion_std,epsilon_mean,epsilon_std,p_cut_mean,p_cut_std,epsilon,p_cut,n_seeds
1.0,0.0,1.0,0.0,3.8230000000000004,0.02659887215654094,0.3061761904761905,0.014793228096182024,6.705180451127819,0.2125585884182109,0.7789035511302128,0.011059615381711437,0.09237255512885928,0.057137398623226095,0.2837839775758651,0.0017826873783589115,0.1,0.0,0.01,0.0,0.1,0.01,5
6.8,2.04939015319192,0.978,0.004808846015417852,3.2969999999999997,0.04906628170138825,0.302927380952381,0.023340503332297473,8.162160497953304,0.5613367811258667,0.8195729039007407,0.013423473766660761,0.43132637418721104,0.06376164606645948,0.2832074979565756,0.0016257517612853,0.1,0.0,0.042222222222222223,0.0,0.1,0.042222222222222223,5
27.4,5.770615218501403,0.8915,0.031104662029991556,2.914,0.08940078299433389,0.33394722222222223,0.027253035347312212,10.044078801024222,0.7717801084772947,0.8676630013229202,0.012492385446600803,0.6196523986853023,0.051615635526514624,0.2828288051168514,0.0020077872313077187,0.1,0.0,0.07444444444444444,0.0,0.1,0.07444444444444444,5
59.6,5.176871642217914,0.562,0.10595399945259266,2.67,0.08999999999999996,0.38374206349206347,0.013506226663974804,12.462031066610447,1.9154297849593696,0.9153210063766173,0.00943187366210099,0.7585565643360549,0.03041001858637529,0.28254056728560084,0.0019028476881961104,0.1,0.0,0.10666666666666666,0.0,0.1,0.10666666666666666,5
113.6,10.526157893552615,0.187,0.06185668920981787,2.3760000000000003,0.09065042746727672,0.4353571428571429,0.024518533080660387,7.326769558417594,1.2665965208145478,0.9440048451004467,0.003410694293231712,0.8753432488131596,0.027986877123772697,0.28292754598218606,0.0019931968583420793,0.1,0.0,0.1388888888888889,0.0,0.1,0.1388888888888889,5
133.8,9.364827814754523,0.1045,0.02991655060330318,2.3259999999999996,0.09626785548665773,0.464843253968254,0.028335062861267465,5.654114797949389,1.6118842626163057,0.9547333296966993,0.007801453895805362,0.9317030004887508,0.012307072918676594,0.2827609126727738,0.001940144262680137,0.1,0.0,0.1711111111111111,0.0,0.1,0.1711111111111111,5
150.6,6.188699378706321,0.066,0.019088609168821075,2.2279999999999998,0.07216300991505277,0.47447380952380946,0.025533990465181174,3.739902441525809,0.8195906102925185,0.9635057573675978,0.005547327105648359,0.9608486959949152,0.013515691336557199,0.2830251524938775,0.0018085367658215508,0.1,0.0,0.2033333333333333,3.1031676915590914e-17,0.1,0.20333333333333334,5
156.4,4.722287581247038,0.053000000000000005,0.003259601202601324,2.226,0.07853343237118826,0.5056456349206349,0.028693735256397353,2.980746134109979,0.35113279315536167,0.9650649535791314,0.003949921307737152,0.9828085928917731,0.012167240430399764,0.28294689356617725,0.001758745377782961,0.1,0.0,0.23555555555555557,0.0,0.1,0.23555555555555557,5
166.0,8.860022573334675,0.056999999999999995,0.024647515087732472,2.164,0.060971304726075926,0.5140765873015873,0.017211908336846136,3.117294577183015,1.1132091590780375,0.9668274479140342,0.0068956748906173915,0.9948308752210011,0.0048639539186335476,0.2827454035716426,0.0019471374583307673,0.1,0.0,0.2677777777777778,0.0,0.1,0.2677777777777778,5
162.0,7.874007874011811,0.055499999999999994,0.01797567801224755,2.2039999999999997,0.1010198000393981,0.5225126984126984,0.04567105359985147,3.303575344196034,0.8957172124317212,0.9682637624808844,0.004809780118397092,0.9953783645894235,0.005309592504547271,0.28279566413559504,0.0018754518561641899,0.1,0.0,0.3,0.0,0.1,0.3,5
1.2,0.44721359549995804,0.9995,0.001118033988749871,3.903,0.030943496893531677,0.30927539682539684,0.017074825589694698,6.544254089998866,0.2085683450190785,0.7750005519606008,0.012799954304974043,0.15206392034523503,0.07058935377846291,0.27866797818641487,0.002196307657086592,0.15000000000000002,0.0,0.01,0.0,0.15000000000000002,0.01,5
3.6,1.816590212458495,0.993,0.005419870847169702,3.6420000000000003,0.03563705936241095,0.3395789682539682,0.0065234714953653255,7.237357958374086,0.13054467659101346,0.8004948936435488,0.005370349397116633,0.51912707930698,0.031095758527071447,0.2772642750516955,0.002322818457161494,0.15000000000000002,0.0,0.042222222222222223,0.0,0.15000000000000002,0.042222222222222223,5
11.2,3.03315017762062,0.9564999999999999,0.014534441853748623,3.41,0.03807886552931959,0.3971972222222222,0.014169197633612593,8.513038199252689,0.2427111133301725,0.8528295279356177,0.00834535296318201,0.6788234832382607,0.02328447344792272,0.2764396928706633,0.0018966111468351776,0.15000000000000002,0.0,0.07444444444444444,0.0,0.15000000000000002,0.07444444444444444,5
32.0,4.847679857416329,0.8220000000000001,0.053776156426431236,3.1950000000000003,0.07356969484781088,0.42522698412698406,0.03172284205728754,10.28471391341299,1.168413719383142,0.8847673197132517,0.013721373459882317,0.8021591983808272,0.04491010236171489,0.2765224277379882,0.002324968571859423,0.15000000000000002,0.0,0.10666666666666666,0.0,0.15000000000000002,0.10666666666666666,5
57.2,7.08519583356734,0.6339999999999999,0.07387912425035913,3.021,0.0645561770863176,0.4888773809523809,0.026328645969294878,11.060908279285309,1.1244839698049933,0.9109437436781157,0.004922517644624081,0.887317570894638,0.018123852266517138,0.27674104554530626,0.0020286093035907626,0.15000000000000002,0.0,0.1388888888888889,0.0,0.15000000000000002,0.1388888888888889,5
64.0,6.59545297913646,0.524,0.11987754168316934,3.057,0.07686026281505938,0.5239210317460318,0.028182134493909092,11.952745520579128,0.7737606547287663,0.9272879636596955,0.009616135245529836,0.9282096739733946,0.018456562906447763,0.2759726910451498,0.0027491702664832287,0.15000000000000002,0.0,0.1711111111111111,0.0,0.15000000000000002,0.1711111111111111,5
75.8,7.293833011524187,0.32199999999999995,0.10641017338581871,3.016,0.03781534080237807,0.5380424603174603,0.03627040561281631,9.593080380242615,1.8052240344275383,0.9318385719292079,0.009603652131946054,0.9555370333741895,0.007733797338307784,0.2751458903470107,0.002109721352873543,0.15000000000000002,0.0,0.2033333333333333,3.1031676915590914e-17,0.15000000000000002,0.20333333333333334,5
94.6,5.5497747702046425,0.25999999999999995,0.13830446485923728,2.937,0.1083743512091306,0.5519958152958152,0.042158614610622376,8.00454577189675,3.2261713922843427,0.944886487206033,0.009928842029117079,0.9763947839138363,0.014518777978186353,0.2757461317380567,0.0020048531212649347,0.15000000000000002,0.0,0.23555555555555557,0.0,0.15000000000000002,0.23555555555555557,5
98.0,8.06225774829855,0.157,0.08382272961434745,2.8970000000000002,0.08906458330896738,0.5542071428571429,0.03817936428230747,6.571073619261577,2.7297756753331384,0.9468341160596949,0.011113845756286884,0.9877590219019539,0.009534910495903276,0.27630075875796745,0.001664915547010188,0.15000000000000002,0.0,0.2677777777777778,0.0,0.15000000000000002,0.2677777777777778,5
98.8,9.311283477587825,0.14950000000000002,0.08218500471497218,2.925,0.0802340326794061,0.5641094516594516,0.02406721768316358,5.896441075414894,2.0827065823950046,0.9500218058646375,0.010406148697064436,0.983552243454336,0.00715809617806632,0.2761306109375329,0.002706225127101869,0.15000000000000002,0.0,0.3,0.0,0.15000000000000002,0.3,5
1.0,0.0,1.0,0.0,3.9519999999999995,0.006708203932499458,0.3189892857142857,0.02269729432739905,6.500832080200501,0.2299467963982358,0.7738314030362095,0.010665615883604438,0.16294768745628999,0.07150678887807589,0.26609465946481003,0.0042010266247375135,0.2,0.0,0.01,0.0,0.2,0.01,5
2.0,1.224744871391589,0.9940000000000001,0.008403868156985817,3.806,0.02815137652051855,0.3471984126984126,0.020469661426772107,7.026444254688732,0.24519056737582004,0.8020922703382197,0.00707157050255116,0.5456272331757009,0.06088968367138607,0.2631244058239343,0.005968123511072759,0.2,0.0,0.042222222222222223,0.0,0.2,0.042222222222222223,5
7.8,2.280350850198276,0.9739999999999999,0.013532368602724361,3.651,0.043214580872663826,0.3886373015873016,0.02948542509666668,7.600855929675044,0.212680668214583,0.8267155442646562,0.013992137775944153,0.7278208532570323,0.040561497530418864,0.26172195088882466,0.004062788442007307,0.2,0.0,0.07444444444444444,0.0,0.2,0.07444444444444444,5
15.0,1.5811388300841898,0.9490000000000001,0.010694624818103701,3.539,0.07916754385478934,0.42253373015873014,0.006063928185668286,8.463717242680847,0.9021247726286645,0.8522697529832822,0.017151932080040243,0.8273466884028899,0.03158457323907844,0.2618870384878617,0.0038920492648612383,0.2,0.0,0.10666666666666666,0.0,0.2,0.10666666666666666,5
22.0,4.358898943540674,0.9145,0.014295978455495791,3.503,0.049699094559156616,0.4657742063492064,0.03079329086170762,9.699435408456244,1.2520501402577613,0.8763628724354573,0.014562032243966093,0.879399082686492,0.024640935569109613,0.26049697638359287,0.004454359212036429,0.2,0.0,0.1388888888888889,0.0,0.2,0.1388888888888889,5
34.4,6.730527468185536,0.8234999999999999,0.008023403267940609,3.45,0.10289557813628344,0.5054210678210678,0.03250860034445474,10.189855127759703,0.9482077658938783,0.8878678634117383,0.0033367960564919287,0.9264525970362257,0.02001147745441743,0.2621343206884247,0.0037508559890790986,0.2,0.0,0.1711111111111111,0.0,0.2,0.1711111111111111,5
40.8,4.816637831516918,0.7315,0.09500986790854939,3.4240000000000004,0.05856620185738524,0.527900036075036,0.01285513720313525,11.301299405349209,2.4003130580916237,0.9037743629613877,0.007825954087531662,0.9535541341543745,0.029123707894774496,0.2599170936658496,0.003509940999521202,0.2,0.0,0.2033333333333333,3.1031676915590914e-17,0.2,0.20333333333333334,5
41.8,6.260990336999411,0.6875,0.0793922225410021,3.4650000000000007,0.08477912478906582,0.5548222222222223,0.02629293939844412,12.041711961622621,2.148499411096979,0.9133747983885977,0.005070260418528836,0.9623089648209472,0.020959860591222835,0.2598497616861633,0.004048530271860651,0.2,0.0,0.23555555555555557,0.0,0.2,0.23555555555555557,5
50.6,9.235799911215056,0.5654999999999999,0.21946241136012337,3.3910000000000005,0.08727829054237948,0.5591674603174603,0.0326358211456942,10.562491300803117,1.4454661967326823,0.9201645019620898,0.018226247475358316,0.9747947791047057,0.015504768038065978,0.2612790820045208,0.005678319226443994,0.2,0.0,0.2677777777777778,0.0,0.2,0.2677777777777778,5
48.6,4.505552130427524,0.571,0.08567015232856771,3.429,0.041291645644125186,0.5682770202020202,0.007966611064677317,11.016039016988252,0.680915497194029,0.9133208306063787,0.006877757543689579,0.9889073726316358,0.009310045389933127,0.25972312043868845,0.002996625491715644,0.2,0.0,0.3,0.0,0.2,0.3,5
1.2,0.44721359549995804,0.9995,0.001118033988749871,3.974,0.006519202405202663,0.32334404761904756,0.01761186227358606,6.441761816601806,0.2223684535503751,0.7725464993740312,0.012477964410931882,0.2035014011915913,0.06233691886513635,0.24366597956625147,0.002632305302524125,0.25,0.0,0.01,0.0,0.25,0.01,5
1.6,0.8944271909999159,0.9984999999999999,0.0022360679774997855,3.8959999999999995,0.027018512172212714,0.3418174603174603,0.023475811196655535,6.800889446157575,0.26208316442427326,0.7923902284171056,0.016627395977789415,0.5823192865473261,0.0643423803801681,0.23792325380379115,0.004572793661640922,0.25,0.0,0.042222222222222223,0.0,0.25,0.042222222222222223,5
3.6,1.6733200530681511,0.991,0.008403868156985793,3.825,0.03570714214271416,0.36859285714285717,0.024614757714018918,7.208755210015342,0.39932158324997147,0.8088131868520356,0.012407062991284525,0.7472645072936303,0.03155003499590032,0.23619775303417717,0.0032752161968385408,0.25,0.0,0.07444444444444444,0.0,0.25,0.07444444444444444,5
9.0,2.1213203435596424,0.9655000000000001,0.009905806378079491,3.743,0.019557607215608,0.42788412698412703,0.015643237315993434,7.881314691637044,0.305918232893751,0.8326850122460467,0.009759599567147207,0.8413241554980633,0.03556142766490789,0.23666793659985066,0.005278525966899616,0.25,0.0,0.10666666666666666,0.0,0.25,0.10666666666666666,5
14.4,2.073644135332772,0.9425000000000001,0.01648863244784114,3.714,0.03008321791298273,0.45761666666666667,0.01754714933673497,7.904141300523885,0.4416300960777865,0.8416198487247402,0.004700240924415507,0.9009933245824844,0.03564817473475311,0.23407353163887473,0.006258815349181978,0.25,0.0,0.1388888888888889,0.0,0.25,0.1388888888888889,5
17.2,4.207136793592526,0.9115,0.040489196089821315,3.646,0.05079370039680116,0.4966583333333333,0.033036923133181,8.827792200255919,0.2736371673508087,0.8694934361709971,0.014521281522054232,0.9296235990959243,0.008784541330285948,0.23858154373752916,0.003743309122732256,0.25,0.0,0.1711111111111111,0.0,0.25,0.1711111111111111,5
19.4,2.1908902300206643,0.8965,0.021403854793003975,3.682,0.03701351104664343,0.4994571428571429,0.02428438718622171,8.762140741641966,0.30825697665875434,0.8671813628694778,0.0076058213748065135,0.9528933003129229,0.007632798046268094,0.2345667727704494,0.00597321577220583,0.25,0.0,0.2033333333333333,3.1031676915590914e-17,0.25,0.20333333333333334,5
24.4,4.03732584763727,0.8525,0.0430479383943064,3.6779999999999995,0.05826662852782889,0.5228746031746032,0.023912440657541164,9.438934413917035,0.8800347134414357,0.8844501359809627,0.011315290889527731,0.9726027556422041,0.013660334532844738,0.2370372589558433,0.00502287165031608,0.25,0.0,0.23555555555555557,0.0,0.25,0.23555555555555557,5
29.6,5.5497747702046425,0.8484999999999999,0.0336154726279432,3.6439999999999997,0.04774934554525326,0.5256042568542568,0.017084327482369564,9.496342634986371,0.9727387628251478,0.8801470956025221,0.01084056712507209,0.9823160997299709,0.009117512745730185,0.23766143087904995,0.0044267418547888305,0.25,0.0,0.2677777777777778,0.0,0.25,0.2677777777777778,5
27.8,2.4899799195977463,0.806,0.0810401135241061,3.656,0.04114000486144846,0.5375254329004328,0.029994112089163912,10.745806769282174,1.6737505038614748,0.890598018257338,0.0142240166297324,0.9854670035748978,0.004982950846673782,0.23700950405332763,0.007670931986354623,0.25,0.0,0.3,0.0,0.25,0.3,5
1.0,0.0,1.0,0.0,3.982,0.006708203932499358,0.31983571428571433,0.018840029794227848,6.443496240601505,0.2128731476226812,0.7781827602814049,0.009206977731602554,0.20618078221100472,0.050981377605661675,0.18677667340830517,0.013593558815396508,0.30000000000000004,0.0,0.01,0.0,0.30000000000000004,0.01,5
1.0,0.0,1.0,0.0,3.932,0.016807736313971595,0.3342190476190476,0.02348577111507336,6.705466165413535,0.30152664817795943,0.7820332623113553,0.015048871528750667,0.5989066587762177,0.047508601601323495,0.1754920353843251,0.01943336455687142,0.30000000000000004,0.0,0.042222222222222223,0.0,0.30000000000000004,0.042222222222222223,5
3.0,0.7071067811865476,0.993,0.003259601202601344,3.8800000000000003,0.019685019685029503,0.3638623015873016,0.026006649760371467,6.859158251941747,0.31014276872005997,0.7980283450280437,0.017778113708327766,0.7223940838533431,0.033443217727116586,0.17739077730354885,0.013269502594774076,0.30000000000000004,0.0,0.07444444444444444,0.0,0.30000000000000004,0.07444444444444444,5
5.2,2.588435821108957,0.9855,0.006471089552772422,3.835,0.03259601202601313,0.39844404761904767,0.009791851749589612,7.242677005836134,0.17808058093782558,0.8140841757830172,0.011439178124901235,0.8258572226974756,0.026170511579575225,0.19797912677101887,0.004252071302029421,0.30000000000000004,0.0,0.10666666666666666,0.0,0.30000000000000004,0.10666666666666666,5
10.2,3.3466401061363023,0.9574999999999999,0.027041634565979925,3.822,0.03365263734092769,0.4259670634920635,0.015851266572704272,7.300408943292676,0.26232277088413364,0.8265418370750156,0.006850269317513573,0.897944633331976,0.033394930378050955,0.18911427420798807,0.005083173738679099,0.30000000000000004,0.0,0.1388888888888889,0.0,0.30000000000000004,0.1388888888888889,5
9.8,3.1144823004794873,0.9560000000000001,0.013299436078270381,3.8280000000000003,0.03094349689353158,0.4616757936507936,0.013131893413444633,7.634775009921276,0.20748143450749004,0.8326063861625872,0.01402051320021408,0.9289841679280129,0.03426114534746964,0.19205874070972573,0.006573927189643978,0.30000000000000004,0.0,0.1711111111111111,0.0,0.30000000000000004,0.1711111111111111,5
18.6,5.029910535983716,0.9075000000000001,0.01610512340840642,3.747,0.054840678332785026,0.46223650793650795,0.026865645230963443,7.866396149431608,0.5568145902304747,0.8457712102375037,0.010683705817975848,0.9599998264900286,0.01197231619883563,0.193665086676783,0.00902087799297347,0.30000000000000004,0.0,0.2033333333333333,3.1031676915590914e-17,0.30000000000000004,0.20333333333333334,5
16.0,1.5811388300841898,0.922,0.015552331014995776,3.771,0.02484954727957836,0.4760412698412698,0.03527811192527486,8.038275330750807,0.3020180147295803,0.8535133131772448,0.008606946953862422,0.9588655005799671,0.026174446934386343,0.19051019873320169,0.013179684000952721,0.30000000000000004,0.0,0.23555555555555557,0.0,0.30000000000000004,0.23555555555555557,5
18.4,1.9493588689617927,0.914,0.022885584982691626,3.7649999999999997,0.027838821814150073,0.49708611111111106,0.020106392804387068,8.63484195814316,0.6049121368181585,0.8664374732388185,0.009109892323093019,0.9733505694982444,0.011664521074380875,0.2025269757776888,0.005929074947111054,0.30000000000000004,0.0,0.2677777777777778,0.0,0.30000000000000004,0.2677777777777778,5
17.8,4.8166378315169185,0.9095000000000001,0.036029501800607766,3.758,0.053921238858171607,0.5071325396825397,0.028722514658791918,9.039380611871733,0.7542254757920693,0.865305859975724,0.01791796449059555,0.9849507426124147,0.01081916554660727,0.20160930424351658,0.011850351641536019,0.30000000000000004,0.0,0.3,0.0,0.30000000000000004,0.3,5
1.0,0.0,1.0,0.0,3.982,0.009746794344808905,0.31482738095238094,0.017601731959398813,6.408744360902256,0.2288371741389229,0.7721929043453709,0.012905617163535915,0.20139549209181945,0.0991641993645358,0.11455457085675261,0.0129137124673031,0.3500000000000001,0.0,0.01,0.0,0.3500000000000001,0.01,5
2.0,0.7071067811865476,0.9975000000000002,0.0017677669529663704,3.9490000000000003,0.010839741694339353,0.32003809523809523,0.012444865368346941,6.466375699511046,0.2620806051765184,0.7756019542522414,0.011767068111326596,0.5231384692294553,0.062316420623648144,0.10840781561483333,0.009374779543892306,0.3500000000000001,0.0,0.042222222222222223,0.0,0.3500000000000001,0.042222222222222223,5
1.8,0.8366600265340756,0.998,0.0020916500663351843,3.929,0.02484954727957833,0.3344107142857143,0.022447354715017413,6.576307240799238,0.27700384041292025,0.7806753960710243,0.015745027914603527,0.6320923235677237,0.18055555407166834,0.10865613850896845,0.021071624172564536,0.3500000000000001,0.0,0.07444444444444444,0.0,0.3500000000000001,0.07444444444444444,5
5.2,1.3038404810405297,0.986,0.004873397172404475,3.8880000000000003,0.00758287544405158,0.3556583333333333,0.016116221529002463,6.724935366955217,0.26000403405412187,0.7881265547307195,0.013986619520172565,0.7478931837256881,0.11042296349559785,0.11582593990723622,0.013313201012874412,0.3500000000000001,0.0,0.10666666666666666,0.0,0.3500000000000001,0.10666666666666666,5
4.4,0.5477225575051662,0.9889999999999999,0.0022360679774997855,3.8809999999999993,0.023822258499143264,0.3673857142857143,0.021673712469638264,6.7689931046754825,0.25290705260097757,0.7939436522167237,0.011314398926065828,0.8190579113474372,0.07555643092307324,0.10846050386434421,0.00718563123668136,0.3500000000000001,0.0,0.1388888888888889,0.0,0.3500000000000001,0.1388888888888889,5
7.6,1.6733200530681511,0.9715,0.011805718953117609,3.8760000000000003,0.027018512172212586,0.38164325396825394,0.028266194372701076,6.774442119005438,0.19102747968937261,0.7965423386031908,0.013297093120641295,0.8909087384283453,0.06133380559835878,0.11158330609289417,0.01525158254819943,0.3500000000000001,0.0,0.1711111111111111,0.0,0.3500000000000001,0.1711111111111111,5
10.2,1.0954451150103324,0.96,0.01457737973711325,3.8600000000000003,0.010606601717798196,0.40792142857142855,0.014671406828768087,6.9775274929127615,0.16646456923314645,0.8084726169966159,0.0072476880697545125,0.939331131053452,0.04033244637916797,0.124864057764039,0.008742623728791301,0.3500000000000001,0.0,0.2033333333333333,3.1031676915590914e-17,0.3500000000000001,0.20333333333333334,5
10.8,3.63318042491699,0.954,0.01892419086777556,3.8609999999999998,0.03453259329966386,0.413618253968254,0.031044971739364394,6.9997262577575885,0.2186913551587468,0.8137939629644727,0.017181347423616496,0.9489609392863991,0.031362013827525605,0.12858075560307342,0.016212505841829913,0.3500000000000001,0.0,0.23555555555555557,0.0,0.3500000000000001,0.23555555555555557,5
11.6,3.7815340802378077,0.9560000000000001,0.013532368602724347,3.8559999999999994,0.04144273157020411,0.4163417388167388,0.03140066379756392,6.992155249032487,0.2067172526425287,0.8108751007188021,0.016514186890110038,0.9679229810478418,0.01939635802356258,0.12557355600409476,0.00683489270416373,0.3500000000000001,0.0,0.2677777777777778,0.0,0.3500000000000001,0.2677777777777778,5
12.8,2.6832815729997477,0.9405000000000001,0.017446346322367894,3.84,0.05841660722773959,0.4428305555555555,0.03473317244000201,7.223217738381779,0.34746513411353985,0.8260490058371893,0.018281361318175687,0.9784905726740485,0.005498973962942667,0.13806604791852703,0.01512864026792606,0.3500000000000001,0.0,0.3,0.0,0.3500000000000001,0.3,5
1.0,0.0,1.0,0.0,3.993,0.005700877125495724,0.3144166666666667,0.01874756975936044,6.375899749373433,0.21597545927297404,0.7708351897969135,0.012045175138340424,0.17993172718945555,0.15280697890992717,0.08123716697489666,0.009127082523280183,0.4,0.0,0.01,0.0,0.4,0.01,5
1.0,0.0,1.0,0.0,3.9770000000000003,0.019557607215607956,0.3133440476190476,0.020507396106478934,6.412398496240601,0.25849626696662004,0.7745188171169282,0.01249667347082267,0.4379116662084527,0.09991179152752741,0.07693595274276968,0.017850995733477745,0.4,0.0,0.042222222222222223,0.0,0.4,0.042222222222222223,5
2.4,1.140175425099138,0.9964999999999999,0.0028504385627478378,3.9530000000000003,0.018234582528810557,0.32600714285714283,0.025032168362885507,6.463840310814322,0.2468154927080394,0.7737803719042105,0.014828425239346405,0.6055281691719376,0.1507306002312052,0.07375257189644017,0.009337491147695541,0.4,0.0,0.07444444444444444,0.0,0.4,0.07444444444444444,5
2.4,0.8944271909999159,0.9955000000000002,0.0032596012026013103,3.9450000000000003,0.014142135623730885,0.3295821428571429,0.020056301140028314,6.474642422939446,0.23734715026555445,0.7740623069263582,0.01631521495787807,0.6794564652547951,0.05207829083360381,0.07367223988292984,0.005745869283772368,0.4,0.0,0.10666666666666666,0.0,0.4,0.10666666666666666,5
3.6,0.8944271909999159,0.9925,0.0017677669529663704,3.928,0.02018662923818642,0.3391440476190476,0.023612483186757335,6.510037147275371,0.2904260733427641,0.779311422482037,0.01714098605133681,0.8173561204610467,0.1387439103463878,0.08151184466696268,0.005096258780382791,0.4,0.0,0.1388888888888889,0.0,0.4,0.1388888888888889,5
5.6,1.9493588689617927,0.9800000000000001,0.010458250331675948,3.9019999999999997,0.02841654447676563,0.3544190476190476,0.026196354048216356,6.624898054381454,0.22891846958110007,0.7898696329404091,0.015420134165193087,0.860417810229464,0.07923996460826181,0.08952846436527892,0.01817932108481829,0.4,0.0,0.1711111111111111,0.0,0.4,0.1711111111111111,5
5.6,1.51657508881031,0.9835,0.004541475531146248,3.9209999999999994,0.015572411502397453,0.34224047619047615,0.02887717435252134,6.585454127669405,0.19561103236244562,0.7846533615090185,0.013590799218647854,0.9156592300218884,0.05742232219487244,0.07228287375542403,0.00921508536710717,0.4,0.0,0.2033333333333333,3.1031676915590914e-17,0.4,0.20333333333333334,5
6.8,1.6431676725154984,0.975,0.014895469109766258,3.915,0.019039432764659716,0.37468015873015875,0.019005755261812994,6.686636198491181,0.1343958168981512,0.7909157638258701,0.006764077633969125,0.8884939616380694,0.07900354640261129,0.08696847816696794,0.010732984361122954,0.4,0.0,0.23555555555555557,0.0,0.4,0.23555555555555557,5
7.4,2.8809720581775866,0.9765,0.011805718953117599,3.8950000000000005,0.04898979485566355,0.37323740981240977,0.03250173228270222,6.716811414015998,0.3200292608993239,0.7942522195906063,0.018220663495624876,0.9469787654431073,0.03639296026288071,0.08498500045964906,0.01764570767970922,0.4,0.0,0.2677777777777778,0.0,0.4,0.2677777777777778,5
9.0,2.8284271247461903,0.9690000000000001,0.012942179105544785,3.903,0.025884358211089514,0.38235119047619043,0.0387572256173825,6.706906444151215,0.3104881752743338,0.7940305668128467,0.014937523943543973,0.9797744385494058,0.01700487106414722,0.09153263646023356,0.01082112217640159,0.4,0.0,0.3,0.0,0.4,0.3,5
